{
    "participants": {
        "agent": "019bc5a4-101d-7e73-a9cc-9dc5aaaa65b1"
    },
    "results": [
        {
            "domain": "airline",
            "score": 2.375,
            "max_score": 3,
            "pass_rate": 79.16666666666666,
            "task_rewards": {
                "0": 1.0,
                "1": 0.75,
                "2": 0.625
            },
            "time_used": 109.17436909675598
        }
    ]
}